{"guid": "1d34fcd0-1e14-11e6-b14b-3052cb717474", "data": [{"m": 0, "v": [1.0, 0.9999999403953552, -1.0, 1.0, -1.0, -1.0, -1.0000001192092896, -0.9999998211860657, -1.0, -0.9999996423721313, 1.0000003576278687, -1.0, 1.0000004768371582, 0.999999463558197, 1.0, 0.9999993443489075, -1.0000005960464478, 1.0, -1.0000003576278687, -0.9999996423721313, 1.0, -0.9999999403953552, 1.0, 1.0], "f": [0, 1, 2, 4, 7, 6, 0, 4, 5, 1, 5, 6, 2, 6, 7, 4, 0, 3]}]}